공모전명,참가자격,고등학생 참가가능,시상내역,상세페이지
한강버스 운항 1주년 AI 영상 & 사진 공모전,"한강버스와 AI·사진 콘텐츠 제작에 관심 있는 대한민국 국민 누구나 참가 형태: AI 영상은 개인 또는 팀(최대 4인), SNS 사진은 개인",O,"【AI 영상 부문】 대상 1명(팀): 200만 원 최우수상 1명(팀): 100만 원 우수상 1명(팀): 50만 원 【SNS 사진 부문】 선정작 10점: 각 10만 원 ※ AI 영상 수상작은 한강버스 선착장 옥외 전광판에 송출되며, SNS 사진 수상작은 한강버스 망원 선착장 내 뉴케이스에 전시됩니다. ※ 상금은 관련 법령에 따라 제세공과금을 공제한 후 지급됩니다. ■",https://www.allforyoung.com/posts/88018
내가 알리는 모두의 「희망사다리」 영상공모전,"대한민국 국민 누구나(개인 또는 4인 이하 팀) ▴일반부(2013년 12월 31일 이전 출생자) ▴ 어린이부(2014년 1월 1일 이후 출생자) ※ 팀으로 응모할 경우, 구성원 전원이 동일 부문에 해당되어야 함 ■",O,"총 상금 3,300만 원 문화체육관광부 장관상 - 일반부 대상 (1명) : 1,000만 원 - 어린이부 대상 (1명) : 300만 원 국정과제123 특별상 (문체부 장관상) - 전체 응모작 중 1명 : 500만 원 언론진흥재단 이사장상 - 최우수상 (일반부 1명, 어린이부 1명) : 각 200만 원 - 우수상 (일반부 6명, 어린이부 6명) : 각 50만 원 - 장려상 (일반부 10명, 어린이부 10명) : 각 25만 원 ※ 국정과제123 특별상 지원 기준",https://www.allforyoung.com/posts/85378
2026 서울영상공모전 <서울 밤로그>(~10/27),"국내 거주 내·외국인 누구나(개인, 3인 이하 팀) - 응모제한 : 타 공모전 및 이벤트 입상·수상 또는 표절·중복응모·도용 등 부정행위 발생 시 수상취소, 상금·부상 환수, 향후 5년간 공모전 응시참여 제한 ● 공모 분야 - 숏폼 영상(유튜브 쇼츠, 인스타그램 릴스 中 택1) ●",O,"계 22명(팀) 800만원 및 상장 대상 1명(팀) 100만원 및 상장 최우수상 2명(팀) 80만원(총 160만원) 및 상장 우수상 4명(팀) 60만원(총 240만원) 및 상장 장려상 15명(팀) 20만원(총 300만원) 및 상장 ※ 응모작이 심사기준에 미달할 경우, 시상 규모가 변동·조정될 수 있음 ※ 시상금 지급 시, 개인통장으로 입금 (제세공과금을 제한 후 지급) ※ 별도의 시상식은 개최하지 않음 ● 공모 일정 구분 일정 접수 2026. 9. 30.(수) 10:00 ~ 10. 27.(화) 17:00 사전 심사 및 전문 심사 2026. 10. 28.(수) ~ 11. 6.(금) 수상작 발표 2026. 11. 18.(수) 예정 ※ 상기 일정은 여건에 따라 변경될 수 있으며, 변경 시 접수 페이지를 통해 공지 ● 작품 규격 항목 기준 영상 길이 30초 이상, 60초 내외 해상도 FHD(1,080 × 1,920픽셀) 이상 화면 방향 세로형 파일 형식 MP4 권장, MOV·AVI 등 가능 ※ 자막, 배경음원 등은 저작권 문제가 없는 자유이용 저작물 또는 본인 창작물 사용 (영상 말미에 음원·이미지 등 활용자료의 출처 표기) ※ SNS 플랫폼 제공 대중음악 등 향후 홍보 콘텐츠로서의 활용이 어려운 음원을 사용할 경우 심사대상에서 제외될 수 있음 ※ 생성형 AI를 활용한 경우 영상 내 표기 ※ 수상작은 추후 원본 파일 제출 ●",https://www.allforyoung.com/posts/88285
2026 태안 방문의 해 숏폼 영상 하반기 공모전,제한없음(전국 누구나),O,"대상(1명) 1,000,000원 촤우수상 (2명) 500,000원 우수상 (3명) 300,000원 참가상 (5명) 200,000원",https://www.allforyoung.com/posts/88284
"[데이콘] 국부펀드 KIC, AI 에이전트 공모전 (~11/12)","일반인, 학생 등 누구나 참가 가능 ​ ○ 공모전 마감일 2026.11.12(목) 10:00 ​ ○",O,"총 상금 1,500만 원 최우수상(1팀) - 600만원 우수상(2팀) - 각 300만원 장려상(3팀) - 각 100만원 ​ [채용 특전] 최우수상 수상팀(1팀)에게는 향후 연속된 청년 인턴 채용 2회 중 1회에 한하여 필기전형 만점의 5% 가산 혜택을 부여합니다. ​ ○ 심사기준 및 방법 대회",https://www.allforyoung.com/posts/88281
2026 한방에 담다 숏폼 공모전,대한민국 국민 누구나 (개인 또는 팀 참가 가능) ○,O,"(총 상금 300만 원, 총 8명/팀 선정 및 참가상) - 대상 (1명/팀): 100만 원 - 최우수상 (2명/팀): 각 50만 원 - 우수상 (5명/팀): 각 20만 원 - 참가상 (50명 추첨): 커피 기프티콘 ○",https://www.allforyoung.com/posts/88277
2026년 대전온배움 숏폼 영상 공모전,시민 누구나(개인 또는 2인 이하 팀) 출품수: 1인(팀)당 최대 2점(중복 수상 불가),O,"최우수상(1점) / 120만 원 / (재)대전평생교육진흥원장상 우수상(1점) / 80만 원 / (재)대전평생교육진흥원장상 장려상(2점) / 각50만 원 / (재)대전평생교육진흥원장상 인기상 (1점) / 30만 원 / (재)대전평생교육진흥원장상 ※ 심사 결과 작품 수준이 시상 기준에 미달하는 경우 시상 규모와 수상작 수가 조정될 수 있습니다. ※ 상장은 개인 또는 팀당 1부 발급합니다. ※ 팀 수상 시 상금은 대표자에게 지급하며, 대표자가 만 14세 미만인 경우 법정대리인에게 지급합니다. 팀 내 상금 배분에 관한 사항은 팀에서 협의해야 합니다. 8. 결과 발표 발표방법: 라우드소싱",https://www.allforyoung.com/posts/88271
2026 문화다양성 AI 영상 콘텐츠 공모전,"(청소년부) 2008년~2013년 출생 청소년 (개인 또는 팀) * 개인 및 팀별 1작품, 팀 응모 시 작품에 대한 권리를 해당팀이 보유하여야 함 ●",O,"(시상규모) 8편, 상금 1,200만원 https://cda.or.kr/ 청소년부(8편) 구분 선정 상금 대상 (EBS사장상) 1편 300만원 우수상 (한국문화예술교육진흥원장상) 2편 각 200만원 장려상 (한국문화예술교육진흥원장상) 5편 각 100만원 합계 8편 1,200만원 ※ 결격사유 발생 등 불가피한 사유로 선정 취소 시 차순위 프로젝트가 선정될 수 있음 ※ 부문별 최종 선정 편수 조정될 수 있음 ※ 청소년부 대상작은 EBS 1TV 송출 (단 방송 심의 기준 미충족시 송출이 불가할 수 있음) ●",https://www.allforyoung.com/posts/88205
[데이콘]합성 미세구조 기반 재료 물성 예측 AI 경진대회(~10/19),데이커라면 누구나 대회 참가 가능 ​ ○ 공모전 마감일 2026.10.19(월) 10:00 ​ ○,O,"🥇1위 - 데이스쿨 프로 연 구독권 + 기프티콘 5만원권 🥈 2위 - 데이스쿨 프로 2개월 구독권 + 기프티콘 3만원권 🥉3위 - 데이스쿨 프로 1개월 구독권 + 기프티콘 2만원권 ​ 🎁 추첨 이벤트🎁 최종 제출한 참가자 중 100명 추첨 👉 기프티콘 5천원권 지급 대회 기간 중 게시판을 통해 버그 및 오류 제보해 주신 참가자 추첨 👉 기프티콘 3만원권 지급 ​ ※ 버그 및 오류 제보는 대회 시스템·기능 관련 사항에 한하며, 데이터 및 대회 내용 관련 문의는 이벤트 대상에 포함되지 않습니다. ※ 동일한 버그에 대한 중복 제보는 이벤트 대상에서 제외됩니다. ※ 수상 및 제출자 추첨 이벤트와 중복 당첨 가능 ​ ○ 심사기준 및 방법 대회",https://www.allforyoung.com/posts/88200
2027 UN 청소년 대표단 선발 스피치 대회 ‘로드 투 UN’ (~10/12),"만 16~24세 대한민국 국적 청소년 ● 스피치 주제: AI 시대, 청소년이 안전한 디지털 세상 만들기 (연계 SDGs: 3, 4, 10, 16, 17) ● 발표 언어: 영어 (3분 이내) ● 대회 일정",O,,https://www.allforyoung.com/posts/88176
제1회 AI뮤직타운 AI 작곡대회 챌린지,AMT(AI Music Town)에서 활동하는 AI 음악 크리에이터 AI를 활용해 음악을 제작하는 누구나 참여 가능 AMT 회원가입 후 챌린지 참가 신청 필수 ●,O,순위별 시상 및 상세 혜택은 AMT 챌린지 페이지 참고 출품곡은 대회 종료 후 AMT 음원공간에 등록되어 향후 아티스트가 발견하고 활동에 활용할 수 있는 기회 제공 ※ 아티스트가 해당 곡을 활용해 대회 입상 또는 상업적 이용으로 수익이 발생하는 경우 AMT 기준에 따라 크리에이터와 수익을 분배합니다. ● 제출 형식 AI를 활용해 제작한 음악 공모 주제 ‘가을’에 맞춰 제작한 신규 음원 동일 음원의 중복 출품 불가 음원 파일을 AMT 챌린지를 통해 제출 ※ 사람의 멜로디·편곡·보컬이 포함되지 않은 AI 생성 음원을 기준으로 합니다. ●,https://www.allforyoung.com/posts/88173
디자인-부산2026 <디자인해커톤> 참가자 모집,"부산을 좋아하는 누구나 학생·디자이너·시민·관련 분야 종사자 등 / 연령 제한 없음 📌 공통 주제 사람이 머물고, 관계가 이어지고, 가치가 순환하는 지속가능한 부산을 디자인하라 📌 주요 프로그램 현장 조사, 문제 정의, 아이디어 도출, 프로토타입·미래 시나리오 제작, 최종 발표 및 심사 🏆",O,"대상·최우수상·우수상 각 1점 🎁 참가 혜택 ① 1기 전용 활동 키트 및 참가확인서 제공 ② 1기 참가 기록 공식 아카이빙 ③ 부산의 미래를 직접 탐색하고 제안하는 프로젝트 경험 ④ 다양한 참가자·전문가와의 협업 및 네트워킹 🔗 참가 신청: https://forms.gle/54darSsKv3FUtfiK7 문의 | 디자인-부산2026 운영사무국 E. designbusan2026@gmail.com T. 02-550-2572 대외활동 사기? 거르고 고르는 방법 요즘것들 '신호등' 기능으로 안전하게 확인하세요 이 공고도 보기 AD 지원하기 지원하기 이 공고도 보기 AD 사업자등록번호. 364-81-01692 | 대표자. 이건엽 주소. 서울시 송파구 중대로 105, 1204호 요즘것들 문의하기 SUBSCRIBE 인스타그램 뉴스레터 카카오 BUSINESS 비즈센터 광고문의 고객센터 Legal 개인정보처리방침 이용약관 마케팅 활용 © 2026 By MAYCAN Inc. All Rights Reserved. 함께할 팀원을 찾고 있어요 RECOMMENDATIONS 이런 공고는 어때요? 광고 안내",https://www.allforyoung.com/posts/88167
"그림심어, 굿즈난다 굿즈 공모전","디자이너, 대학생, 일반인 등 누구나 (개인 및 팀 참여 가능) ·",O,"총 상금 300만원 - 1등 150만원 (한국부동산원장상) - 2등 100만원 (주식회사러플 대표이사상) - 3등 50만원 (주식회사러플 대표이사상) *수상작 중 최대 3건에 한하여 시제품 제작, 전시, 판매가 이루어집니다. · 수상작 특전 : 실물 굿즈 디자이너 이름 명기, 디자이너 단독 인터뷰 러플 공식",https://www.allforyoung.com/posts/88153
2026년 제천시 AI 활용 데이터 분석 아이디어 공모전,제천시에 관심 있는 전 국민 6.,O,,https://www.allforyoung.com/posts/88114
제2회 우주최고실패대회,실패 경험을 가진 누구나 (청소년·대학생·일반인 제한 없음),O,"3,425,000원 상당) 주최 / 주관 / 후원 주최: 한동대학교 지속가능발전연구소(IRIS) · 심규진 교수 리빙랩 프로젝트 주관: 하우스더웨더 후원·협찬: DESKER, 실소(silso), MICEMore, 러블랑 문의 하우스더웨더 (운영사) · jyjpeter79@gmail.com 대외활동 사기? 거르고 고르는 방법 요즘것들 '신호등' 기능으로 안전하게 확인하세요 이 공고도 보기 AD 지원하기 지원하기 이 공고도 보기 AD 사업자등록번호. 364-81-01692 | 대표자. 이건엽 주소. 서울시 송파구 중대로 105, 1204호 요즘것들 문의하기 SUBSCRIBE 인스타그램 뉴스레터 카카오 BUSINESS 비즈센터 광고문의 고객센터 Legal 개인정보처리방침 이용약관 마케팅 활용 © 2026 By MAYCAN Inc. All Rights Reserved. 함께할 팀원을 찾고 있어요 RECOMMENDATIONS 이런 공고는 어때요? 광고 안내",https://www.allforyoung.com/posts/88085
[BytePlus × AI-Kive] Seedance 2.5 AI 시리즈 제작지원 공모전,"만 19세 이상 누구나, 개인 또는 팀 ※ 만 14세 이상 미성년자는 만 19세 이상 성인을 대표자로 둔 팀의 팀원으로 참가할 수 있습니다. 출품 수: 1인(팀)당 1작품 ■ 접수 일정",O,"총 8개 팀 선정 팀당 375만 원 상당, 총 3,000만 원 상당의 EVIKIA 전용 제작지원 크레딧 AI-Kive 공식 앰배서더 선정 및 IP 협업 파트너 후보 등록 ㈜스튜디오프리윌루전 인턴십 및 채용 우대 AI-Kive 매거진 수상자 인터뷰 게재 BytePlus 프리미어 파티 초청 AI-Kive 공식 AI 아티스트 배지 및 상장 수여 제작지원은 현금 상금이 아닌 EVIKIA 전용 크레딧으로 제공되며, 현금으로 교환할 수 없습니다. 선정된 팀은 지원 크레딧을 활용해 2027년 3월 31일까지 총 10분 분량의 시리즈 본편을 제작하고 AI-Kive에 연재 합니다. 본편 영상은 EVIKIA에서 Seedance 계열 모델을 활용해 제작해야 합니다. ■ 심사 기준 심사위원 평가 80%: 영상 제작 역량, 연출력, 스토리텔링, 시리즈 기획력 관객 평가 20%: AI-Kive 출품작 페이지의 좋아요·댓글·시청 기록 ■",https://www.allforyoung.com/posts/88069
2026년 보건복지분야 사회복무요원 SNS 영상 공모전,보건복지분야 사회복무요원 및 전 국민 누구나 / 개인 또는 팀(4인 이내) 3.,O,"* 적격자가 없을 경우 시상하지 않을 수 있음 - 대상(보건복지부장관상) 1명(팀): 상금 100만원 - 우수상(한국보건복지인재원장상) 2명(팀): 상금 70만원 - 장려상(한국보건복지인재원장상) 3명(팀): 상금 30만원 - 참가상: 수상자 외 참가자 50명 추첨하여 1만원 상당 모바일 기프티콘 증정 7. 세부사항 - 세부내용은 아래 공모전 공고문을 확인바랍니다. / 문의: ☎043-904-3616 - 공모전 일정 및 심사, 시상 일정은 접수 상황 등에 따라 변동될 수 있습니다. 대외활동 사기? 거르고 고르는 방법 요즘것들 '신호등' 기능으로 안전하게 확인하세요",https://www.allforyoung.com/posts/88051
2026 팬트리픽 마스코트 일러스트 공모전,"일러스트 및 캐릭터 창작에 관심 있는 누구나 참여 가능합니다. 개인 참가를 기준으로 하며, 1인당 최대 3작품까지 출품할 수 있습니다.",O,총상금 300만원 대상 1명 : 100만원 우수상 2명 : 각 50만원 입선 5명 : 각 20만원 수상자에게는 팬트리 활동 시 적용되는 추가 혜택 및 향후 창작·IP 협업 관련 우선 상담 기회가 제공됩니다. 심사 및 발표 접수 종료 후 운영진 심사와 게스트 리뷰를 통해 수상작을 선정합니다. 작품 접수 마감 : 11월 8일 게스트 리뷰 : 11월 9일 ~ 11월 13일 결과 발표 : 11월 셋째 주 예정 ※ 세부 일정은 운영 상황에 따라 일부 조정될 수 있습니다.,https://www.allforyoung.com/posts/88041
2026 경남 관광창업 아이디어 경진대회,"*3년 미만 창업기업을 포함한 관광 분야 창업에 관심이 있는 경남 도민 또는 경남에 재학·재직 중인 자 누구나(외국인 포함) - 팀 구성은 최소 1인 ~최대 3인까지 - (법인) 설립등기일, (개인)사업자등록일 기준 3년 미만 사업자 ● 모집분야 : 식음료, 제조기반, 지역관광, 관광 ICT 등 - 공모전, 정부지원 사업 선정 또는 상용화, 유통되지 않은 아이디어만 신청 가능 ●",O,"최종 9팀 선정, 총 11백만원 규모 시상 ● 추진일정: 공모접수(9. 23. ~ 10. 18.) > 서류심사 (10. 19. ~ 10. 22.) > 발표심사 (10. 29.) > 시상식 (10. 29.) ● 제출방법: 공고문 내 붙임 양식(hwp) 작성 후 구글폼 제출 (구글폼 링크 내 공고문 및 신청서 양식 확인 가능 : https://forms.gle/HLNKx3nKiTkq4KNN6 ※ 자세한 내용은 공고문을 참고해주시길 바랍니다.",https://www.allforyoung.com/posts/88015
2026 이어줌 활용 우수사례 수기 공모전 대한민국 모든 공모전,"이어줌 이용 당사자(청각장애인, 난청인 등 이어줌 사용자라면 누구나!) - 보호자·가족, 학교·기관교사 및 실무자 등 청각장애인의 이어줌 활용 조력자 ■",O,최우수상 (1명) : 상금 30만원 - 우수상(2명) : 상금 각 20만원 - 장려상(3명) : 상금 각 10만원 ※ 시상자 중 별도 인터뷰가 있을 수 있음 ■,https://www.allforyoung.com/posts/87999
국가유산 유유자적 사진 공모전,"2024년 ~ 2026년에 진행한 우리고장 국가유산 활용사업 프로그램에 참여한 경험이 있는 국민 (나이 제한 없음) - 제출 내용 : 우리고장 국가유산 활용사업 프로그램 참여 사진 및 간단한 후기 * 1인당 3개 사업별로 응모 가능 * 1개 사업별 사진 5점 이내 제출 가능 - 작품 형식 : JPG파일(스마트폰, 디지털카메라 가능) ​ 🎁",O,"및 혜택 - 최우수상 (1명) : 삼성전자 갤럭시 워치 - 우수상 (3명) : 신세계 백화점 상품권 30만 원권 - 장려상 (10명) : 배달의 민족 3만 원권 - 입선 (50명) : 네이버페이 5천 원권 ​ ✨ 입상자 전원 혜택: 레디백 + 활용사업 랜덤굿즈 증정! ​ - 활용사업 랜덤굿즈 종류는 운영사 상황에 따라 변경될 수 있으며, 무작위로 증정됩니다. ​ 📢 결과 및 시상 발표 - 입상 발표: 2026년 11월 6일(금) 예정 - 발표 방법: 국가유산 유유자적 공식 SNS 채널을 통해 발표 ​ 📲",https://www.allforyoung.com/posts/87997
"[한국영유아보육‧교육진흥원] 2026 보육·교육 현장 존중 실천 아이디어, 감사 이야기 공모전 (~10/19)",대한민국 국민 누구나(개인 또는 4인 이하의 팀) ■,O,"구분 시상수(편) 시상 내용 대상 부문별 1편 교육부장관상 및 온누리 상품권 130만원 최우수상 부문별 1편 교육부장관상 및 온누리 상품권 60만원 우수상 부문별 3편 한국영유아보육·교육진흥원장상 및 온누리 상품권 30만원 아이디어상 부문별 6편 한국영유아보육·교육진흥원장상 ※심사 결과에 따라 수상작을 선정하지 않을 수 있으며 시상내역(편수‧등급)이 조정될 수 있습니다. ※상금의 제세공과금은 본인 부담입니다. ■ 심사방법 -적격심사 : 제출 서류 누락, 주제 적격 여부 확인 등 -내·외부 심사 및 공개검증 : 적격심사 통과작 심사 후 공개검증 -대국민투표 : 심사작 중 대국민 투표 진행, 심사위원 점수와 대국민투표 점수 합산하여 수상작 선정 ※심사위원 위원 점수 90%, 대국민투표 점수 10% 반영 -심사기준 : 적합성(20%), 창의성(30%), 완성도(20%), 활용성(30%) ■",https://www.allforyoung.com/posts/87985
(사)대한승강기협회 2026 승강기산업 진흥& 승강기 안전문화 확산 아이디어 공모전,전 국민 누구나 개인 또는 팀 참가 가능 팀 참가 시 최대 3인까지 구성 가능 📅,O,"총 16개 팀 시상 🥇 대상 1선 : 1,500,000원 🏅 최우수상 3선 : 각 500,000원 🏅 우수상 4선 : 각 300,000원 🎁 Next-L상 8선 : 각 50,000원 상당 상품권 📌 자세한 제출양식, 분야별 작성방법 및 세부",https://www.allforyoung.com/posts/87984
「2026 서울시건축사회 숏폼 영상 공모전」,국민 누구나 ○ 참가형태: 개인 또는 팀(대표자 포함 최대 4인) ○,O,"(총 600만원) 상격 시상내역 대상 (1점) 상금 200만원 및 상장 금상 (2점) 상금 100만원 및 상장 은상 (3점) 상금 50만원 및 상장 동상 (5점) 상금 10만원 및 상장 ※ 심사 결과 적합한 작품이 없는 경우, 수상작을 선정하지 않거나 수상작 수 및 상격을 조정할 수 있습니다. ※ 상금은 관련 세법에 따라 제세공과금이 발생하는 경우 이를 공제한 후 지급합니다. 6.",https://www.allforyoung.com/posts/87954
직장인 사연 공모전 | 제2회 쉐어잇 빡춘문예 (총 100명 시상),"직장 경험이 있는 누구나. 업종, 직군, 연차 제한 없음 (수상은 쉐어잇 회원에 한함) 제출 방법 접수 페이지에서 온라인 제출. 복수 응모 가능 심사 1차 쉐어잇 심사로 후보작 선정 → 2차 투표 (명언록은 공개 투표 11월 9일 ~ 22일)",O,,https://www.allforyoung.com/posts/87943
2026 대원 웹소설 아카데미 공모전,"신인·기성 작가 누구나 • 참가 조건: 5화 이상의 원고와 시놉시스 (회차별 공백 포함 5,000자 이상) [시상 및 특전] •",O,"선정작 전원 각 300만 원 지급, 개별 선인세(MG) 별도 지급 • 데뷔 특전: 편집부 담당 PD 1:1 배정, 집중 피드백 및 밀착 데뷔 과정 지원 [진행 일정] • 모집 기간: 10월 5일 ~ 11월 8일 (약 5주간) • 심사 기간: 11월 9일 ~ 11월 22일 • 결과 발표: 11월 23일 (개별 연락) [",https://www.allforyoung.com/posts/87893
제72회 백제문화제 숏폼 공모전,부여군 백제문화제에 관심이 있는 국민 누구나 ※ 개인 또는 팀으로 참여 가능 4.,O,,https://www.allforyoung.com/posts/87874
[방송미디어통신위원회] 생성형 AI 위험성 찾기 이벤트 시즌3,전국민 누구나 참여 가능 ●,O,협회장 상 - 최우수상(1명) (갤럭시 탭 S11) 협회장 상 -우수상(2명) (갤럭시 버즈4) ● 제출 형식 제보 내용 입력 ‘제보 배경’ 및 ‘역기능 판단 사유’ 등을 상세히 작성해 주시기 바랍니다. 프롬프트 입력 프롬프트란?생성형 AI에서 사용자가 입력하는 명령어 또는 질문을 의미합니다 정확한 판단을 위해 프롬프트 입력 전체과정을 제출해주시기 바랍니다. 프롬프트 입력 전체과정은 위험성이라고 판단한 생성물 전후로 맥락적 관련이 있는 경우를 포함합니다. 증빙파일 첨부 ※ 파일첨부는 10MB로 5개까지 가능합니다. ●,https://www.allforyoung.com/posts/87866
2026 문화의달 여수 YK DANCE FESTA 참가자 모집,청소년부 (대회일 기준 만9세 이상~ 만 18세 이하) 성인부 (대회일 기준 만 19세 이상) 선발 규모 청소년부 15팀 성인부 15팀,O,"결선 시상금 대상_문화체육관광부 장관상+2,500,000원 최우수상_전남광주통합특별시장상+1,500,000원 우수상_여수시장상+1,000,000원 신청 방법 포스터 내 QR코드 혹은 신청폼 접속 양식에 맞게 참가신청서 작성 및 제출",https://www.allforyoung.com/posts/87857
제8회 대한민국 사회연대경제박람회 사진공모전,대한민국 국민 누구나 (연령 및 지역 제한 없음) ▪,O,,https://www.allforyoung.com/posts/87854
K-아이웨어 숏폼 영상 공모전,"K-아이웨어에 관심 있는 누구나 - 개인 또는 팀으로 참가 가능하며, 개인·팀 합산 최대 3점까지 출품 가능 ○",O,"900만 원 상당, 수상작 중 상위 작품은 서울 주요 전광판에 송출 예정 ○ 공모주제 「K-아이웨어는 ______다.」 빈칸을 자유롭게 완성하고, 그 의미를 담은 영상을 제작해 주세요. 완성한 문장은 영상에 1회 이상 노출해야 합니다. ○ 기간 및 일정 접수: 2026년 9월 21일(월) ~ 10월 16일(금) 수상자 발표: 2026년 11월 중 개별 통보 ○ 지원자격 - K-아이웨어에 관심 있는 누구나 - 개인 또는 팀으로 참가 가능하며, 개인·팀 합산 최대 3점까지 출품 가능 ○",https://www.allforyoung.com/posts/87849
"2026 KOBC 해양사진공모전 'Ocean in focus, 바다를 향한 시선'",대한민국 국민 누구나 ○,O,"대상(1명): 상금 1,000만원 - 금상(2명): 상금 각 300만원 - 은상(3명): 상금 각 100만원 - 동상(5명): 상금 각 50만원 - 입선(45명): 상금 각 10만원 - 특별상(2명): 상금 각 100만원 - 스마트폰 사진상(2명): 상금 각 100만원 ○",https://www.allforyoung.com/posts/87831
"맛집·핫플을 쏙, 지도에 핀! 쏙핀 2주 베타테스터 20명 모집","만 17세 이상 누구나 - Android 또는 iOS 스마트폰 사용자 - 맛집·카페·여행지·핫플 탐색을 좋아하는 분 - SNS에서 발견한 장소를 자주 저장하는 분 - 앱을 직접 사용하고 불편사항과 개선 의견을 전달할 수 있는 분 대학생뿐만 아니라 직장인, 자영업자, 프리랜서, 취업준비생 등 누구나 지원할 수 있습니다. ■ 모집 인원 20명 ■ 일정",O,,https://www.allforyoung.com/posts/87810
제63회 무역의 날 슬로건 공모전(~10/16),무역에 관심있는 국민 누구나(제한 없음) 3.,O,"내에서 시상 내역이 변경될 수 있습니다. ‧ 수상작 선정 후 표절 등에 대한 중대한 결격 사유가 발생한 경우 수상은 취소될 수 있습니다. ‧ 수상에 따른 제세공과금은 수상자 본인이 부담합니다. ‧ 당선작은 한국무역협회의 각종 행사, 전시 등에 활용되며 필요에 의해 수정 혹은 변형되어 사용될 수 있습니다. 대외활동 사기? 거르고 고르는 방법 요즘것들 '신호등' 기능으로 안전하게 확인하세요 이 공고도 보기 AD 지원하기 지원하기 이 공고도 보기 AD 사업자등록번호. 364-81-01692 | 대표자. 이건엽 주소. 서울시 송파구 중대로 105, 1204호 요즘것들 문의하기 SUBSCRIBE 인스타그램 뉴스레터 카카오 BUSINESS 비즈센터 광고문의 고객센터 Legal 개인정보처리방침 이용약관 마케팅 활용 © 2026 By MAYCAN Inc. All Rights Reserved. 함께할 팀원을 찾고 있어요 RECOMMENDATIONS 이런 공고는 어때요? 광고 안내",https://www.allforyoung.com/posts/87804
2026 모두의 봉사 레시피 어워드,"대한민국 국민 누구나 참여 가능 - 개인·가족·단체 모두 참여 가능 - 1인 또는 1단체 다건 출품 가능 (단, 중복 수상 불가) ●",O,"총 26개 우수 봉사 레시피 선정 - 마스터 레시피 3건｜온누리상품권 각 10만원 - 시그니처 레시피 8건｜온누리상품권 각 5만원 - 베스트 레시피 15건｜온누리상품권 각 3만원 ● 제출 형식 직접 경험한 봉사활동을 ‘봉사 레시피’ 형태로 작성 - 실제 봉사활동 경험 - 활동 방법 및 과정 - 준비물 및 실천 팁 - 활동 사진 1매 이상 - 활동 대상, 소요시간, 준비물, 활동 순서, 실천 팁 등을 구체적으로 작성 ●",https://www.allforyoung.com/posts/87798
「고양새일 × 딜라이브 W-ink 영화제」 AI 숏폼 공모전,만 19세 이상 여성 누구나(개인 또는 팀) ○,O,"총 5명(팀) / 총상금 200만원 ○ 수상혜택 : 수상작 영화관 특별상영 및 딜라이브 방송·온라인 콘텐츠 활용 ○ 문의 : 고양여성새로일하기센터 경력단절예방사업팀 031-912-8555 ※ 출품작은 공모 시작일(2026. 9. 16.) 이후 제작하여 SNS에 최초 게시한 작품에 한합니다. ※ 생성형 AI 활용 사실 표기, 작품규격, 필수 해시태그 등 세부 출품기준 및",https://www.allforyoung.com/posts/87762
2026 부산시 유튜브 공모전 ‘나만의 동백백서,전국민 누구나!(등록 외국인 포함) 🎥,O,"총 8편, 시상금 총 500만 원 · 대상 1편 (200만 원) · 최우수 3편 (각 60만 원) · 가작 4편 (각 30만 원) 캐시백 15%, 가맹점 수수료 인하까지 ‘민생 100일 비상조치’로 동백전 혜택이 확 커졌어요! 나도 좋고, 소상공인 사장님에게도 좋은 동백전 여러분이 직접 겪은 동백전 이야기를 들려주세요 😊 대외활동 사기? 거르고 고르는 방법 요즘것들 '신호등' 기능으로 안전하게 확인하세요",https://www.allforyoung.com/posts/87743
2026 대한민국 해양모빌리티·안전 엑스포 캐릭터 공모전,해양 안전에 관심 있는 시민 누구나 ※ 개인 또는 팀 참가 가능 📣,O,대상 1명(팀) : 한국해양교통안전공단 이사장상 + 문화상품권 20만원 최우수상 2명(팀) : 한국해양교통안전공단 이사장상 + 문화상품권 각 10만원 우수상 2명(팀) : 부산일보 사장상 + 문화상품권 각 5만원 📢 결과발표 2026년 10월 중 ※,https://www.allforyoung.com/posts/87735
