Unnamed: 0,store,sido-gu,address,phone,2층으로 판단한 근거
5,이수점,서울 동작구,서울특별시 동작구 동작대로25길 16 (사당동) 1층~2층,02-3478-9029,1층~2층
7,부산해운대엘시티점,부산 해운대구,"부산 해운대구 달맞이길 30,포디움동  2층 2042~2043호",051-746-3547,2층
33,대전호수공원점,대전 서구,"대전광역시 서구 도안동로 234-42 1,2층 도안동 2336",070-8862-8826,"1,2층"
36,이천점,경기 이천시,"경기도 이천시 어재연로 35, 1~3층 (창전동 160-25)",031-635-6655,1~3층
39,제주곽지해수욕장점,제주 제주시,제주특별자치도 제주시 애월읍 곽지3길 27-1 2~3층,064-799-1137 ,2~3층
40,신대방삼거리역점,서울 동작구,서울특별시 동작구 상도로 60 (대방동) 1층~2층,02-823-2377,1층~2층
43,진해속천점,경남 창원시 진해구,경상남도 창원시 진해구 태평로 132 2~3층,070-7786-1019,2~3층
50,대구수성못DI점,대구 수성구,대구광역시 수성구 용학로 62 1~2층,053-761-7186,1~2층
54,일산장항점,경기 고양시 일산동구,"경기도 고양시 일산동구 중앙로1275번길 56 (장항동, 루비튜스데이) 1~2층",031-903-9991,1~2층
59,덕성여대점,서울 강북구,서울시 강북구 삼양로 547 1~3층,02-6093-0011,1~3층
62,경북도청점,경북 예천군,경북 예천군 호명면 산합리 1427 1~2층,054-654-0048,1~2층
63,부산백양대로DI점,부산 사상구,부산광역시 사상구 백양대로 621 (괘법동) 2~4층,051-324-7779,2~4층
67,고양시청DI점,경기 고양시 덕양구,경기도 고양시 덕양구 호국로 730 2F,031-812-0105,2F
75,동해묵호점,강원 동해시,강원특별자치도 동해시 해안로 368 1~3층,033-534-8902,1~3층
76,충남도청점,충남 홍성군,"충청남도 홍성군 홍북읍 청사로174번길 25 (성원타워,1-2층) 신경리 553",041-631-4725,2층
85,청주내수DI점,충북 청주시 청원구,충청북도 청주시 청원구 내수읍 충청대로 410-19 1F-2F 구성리 251-53,043-241-0517,2F
88,대구팔달교DT점,대구 서구,대구광역시 서구 팔달로 34 1~2층,0507-1323-9597,1~2층
93,대구장기점,대구 달서구,대구광역시 달서구 장기로 268 1~2층,053-522-0666,1~2층
97,오송역사점,충북 청주시 흥덕구,충청북도 청주시 흥덕구 오송읍 오송가락로 123 (오송역 2층 맞이방) 봉산리 370-31,.,2층
99,울산정자해변점,울산 북구,울산광역시 북구 동해안로 1544 (정자동) A동 1층~2층,052-281-0620,1층~2층
125,여주교동DI점,경기 여주시,경기도 여주시 향교로 17 (창동) 1층~2층 /창동 183-4,031-882-8121,1층~2층
133,등촌역점,서울 강서구,서울특별시 강서구 등촌로 229 1~2층 /등촌동 507-1,02-2655-2290,1~2층
140,화성병점점,경기 화성시,"경기도 화성시 병점동로 105 1,2층",031-233-4686,"1,2층"
151,제주황사평DT점,제주 제주시,제주특별자치도 제주시 연북로 756 1~2층,064-722-2529,1~2층
154,울산매곡점,울산 북구,울산광역시 북구 신기17길 3 (매곡동) 1-2층,052-292-5522,2층
155,신촌역점,서울 마포구,"서울특별시 마포구 신촌로 88 (노고산동, 태영빌딩) 2층",02-325-7588,2층
160,전북대덕진광장점,전북 전주시 덕진구,전라북도 전주시 덕진구 덕진광장로12 1~2층,063-272-2400,1~2층
164,울산공항2호점,울산 북구,울산광역시 북구 산업로 1103 울산공항 2층 격리대합실 화봉동 1140-16,052-289-5525,2층
165,울산공항1호점,울산 북구,울산광역시 북구 산업로 1103 울산공항 2층 일반대합실 화봉동 1140-16,052-289-5525,2층
172,이태원역점,서울 용산구,서울특별시 용산구 이태원로 180 2층~3층,02-749-8752,2층
182,숙대입구점,서울 용산구,서울특별시 용산구 청파로 276 2층~3층,02-704-9636,2층
184,홍제천점,서울 서대문구,"서울특별시 서대문구 홍제내길 52,1~2층 (홍제동 361-49) .",02-396-0903,1~2층
193,순천성가롤로병원점,전남 순천시,"전남 순천시 순광로 221, 순천성가롤로병원 별관 2층 조례동 1742",061-905-0013,2층
196,동학사점,충남 공주시,"충남 공주시 반포면 동학사2로 133 1,2층 .",070-8836-8038,"1,2층"
198,전주시네마점,전북 전주시 완산구,전라북도 전주시 완산구 전주객사3길 67 (전주시네마타운) 1~2층,063-232-9448,1~2층
208,중앙대점,서울 동작구,서울특별시 동작구 흑석로 77 1~4층 .,02-3280-3280,1~4층
214,성균관대점,서울 종로구,서울특별시 종로구 성균관로 6 (명륜2가 204) 1~4층,02-743-8526,1~4층
219,마산저도점,경남 창원시 마산합포구,경상남도 창원시 마산합포구 구산면 해양관광로 1872-50 2~3층,055-243-1052,2~3층
225,남양주진접점,경기 남양주시,"경기도 남양주시 진접읍 해밀예당1로 8-12, 가동 1~2층 /연평리 110-1",031-523-3237,1~2층
230,대구봉무공원점,대구 동구,대구광역시 동구 단산길 4 (봉무동) 1~2층,053-984-3001,1~2층
231,청주산남DT점,충북 청주시 서원구,"충청북도 청주시 서원구 1순환로 892,1,2층(산남동)",043-287-5731,"1,2층"
238,부산광안리점,부산 수영구,"부산광역시 수영구 광안해변로 175 (광안동 200-6, 광안에이파크오션) 1~2층",051-757-9433,1~2층
249,구로거리공원점,서울 구로구,"서울특별시 구로구 구로중앙로28길 52,1~2층 /구로동 109-1",02-838-7008,1~2층
252,양주삼숭DI점,경기 양주시,"경기도 양주시 부흥로 2239 1,2층 /삼숭동 477-1",031-848-5375,"1,2층"
256,당진시청점,충남 당진시,충청남도 당진시 시청2로 49-25 로고스타워 1~2층,070-8808-1040,1~2층
257,익산영등점,전북 익산시,전라북도 익산시 고봉로32길 46-1 1~2층,063-918-2211,1~2층
261,칠곡왜관점,경북 칠곡군,경상북도 칠곡군 석적읍 석적로 178-3 1~2층,054-977-8255,1~2층
262,홍대역2번출구점,서울 마포구,서울특별시 마포구 동교로 200 1~3층 /동교동 158-26,02-332-8079,1~3층
263,화성능동DT점,경기 화성시,"경기 화성시 동탄지성로 215 1,2층 전체호(병점동)",031-221-7286,"1,2층"
266,화정역점,경기 고양시 덕양구,경기도 고양시 덕양구 화신로272번길 67  장군빌딩 2층,070-7514-8707,2층
278,전주아중점,전북 전주시 덕진구,"전라북도 전주시 덕진구 아중로 193 1,2층 ",063-246-2203,"1,2층"
288,홍대역점,서울 마포구,서울특별시 마포구 어울마당로 111 2~4층,02-323-7791,2~4층
289,용인명지대점,경기 용인시 처인구,경기도 용인시 처인구 명지로116번길 24-2 1~2층,031-321-3330,1~2층
291,부산금강식물원점,부산 금정구,"부산광역시 금정구 금샘로 22. 1,2층  ",051-517-1110,"1,2층"
295,대구관음점,대구 북구,"대구광역시 북구 구암로 59 비전스퀘어 1,2층 .",053-324-6122,"1,2층"
296,대전가장점,대전 서구,"대전광역시 서구 도솔로 314  1층, 2층 (SL 빌딩)",042-365-0365,"1층, 2층"
302,화성융건릉점,경기 화성시,"경기도 화성시 효행로 501-3 1,2층",031-224-6999,"1,2층"
305,김포한강생태공원점,경기 김포시,"경기도 김포시 김포한강11로 452,1~2층 운양동 1264-4",031-996-2000,1~2층
309,김포농협본점,경기 김포시,경기도 김포시 홍도평로 20 (걸포동) 김포농협하나로마트본점 2층,031-986-7932,2층
325,대구동성로점,대구 중구,"대구광역시 중구 동성로6길 32, B1~2층 (공평동 52-2) 할리스",053-252-6307,1~2층
326,인천주안역점,인천 남구,"인천광역시 미추홀구 주안로 105 1,2층 (주안동 130-10) ",032-425-1793,"1,2층"
335,시흥하늘휴게소점,경기 시흥시,"경기도 시흥시 수도권제1순환고속도로 105-1 조남동 15-10, 2층(일산방향)",유선없음,2층
337,광주일곡점,광주 북구,광주광역시 북구 송해로 81 1~3층 /일곡동 821-5  ,070-7716-0123,1~3층
341,파주탄현점,경기 파주시,"경기도 파주시 탄현면 방촌로 1017 1,2층",031-947-9477,"1,2층"
342,광주우산점,광주 광산구,광주광역시 광산구 풍영철길로 12 1~2층,062-956-6582,1~2층
353,동해촛대바위점,강원 동해시,강원도 동해시 촛대바위길 16 (추암동 1-6) 1~2층,033-522-0117,1~2층
355,평택서재점,경기 평택시,"경기도 평택시 서재로 26-24 1,2층 /동삭동 711-14",031-651-2750,"1,2층"
357,수원오목천점,경기 수원시 권선구,경기도 수원시 권선구 서수원로 179 1~2층,031-291-7933,1~2층
363,고속터미널영동선점,서울 서초구,서울특별시 서초구 신반포로 194 (강남고속버스터미널) 2층 A-2호,02-591-1555,2층
370,목포평화점,전남 목포시,전라남도 목포시 미항로 129 1-2층 .,061-285-0365,2층
381,충북진천점,충북 진천군,충청북도 진천군 진천읍 중앙북로 28 2층 .,043-534-8584,2층
391,충북대점,충북 청주시 흥덕구,충청북도 청주시 흥덕구 내수동로 53 1~2층 / 복대동 873-10,043-266-2248,1~2층
396,서울대사거리점,서울 관악구,"서울특별시 관악구 관악로 172, 2층 봉천동 857-4",02-877-6070,2층
397,도심공항점,서울 강남구,"서울특별시 강남구 테헤란로87길 22 (한국도심공항터미널, 2층) 203호",02-2016-5400,2층
415,목동점,서울 양천구,"서울특별시 양천구 목동서로 159-1 CBS 1,2층 CBS 1,2층 할리스",02-2062-1063,"1,2층"
424,부산해운대점,부산 해운대구,"부산광역시 해운대구 해운대해변로 277, 다옴빌딩 1~2층 (중1동 1412-7) 할리스",051-746-1463,1~2층
426,부산경성대점,부산 남구,"부산광역시 남구 용소로 7, 청라빌딩 2~3층 (대연동 56-8) 할리스",051-611-6893,2~3층
432,세종로점,서울 종로구,"서울특별시 종로구 세종대로 161, 2~3층 (세종로 200) 할리스",02-720-5582,2~3층
